product_id,product_name,category,unit_price
P0001,Classic Headphones 1,Electronics,3720.67
P0002,Premium Bottle 2,Home & Kitchen,740.71
P0003,Classic Backpack 3,Clothing,3716.31
P0004,Comfort Headphones 4,Grocery,2972.94
P0005,Classic Headphones 5,Beauty,513.79
P0006,Premium Lamp 6,Electronics,3029.99
P0007,Comfort Bottle 7,Home & Kitchen,3594.3
P0008,Comfort Coffee 8,Clothing,1141.18
P0009,Comfort T-Shirt 9,Grocery,4056.68
P0010,Classic Notebook 10,Beauty,4038.81
P0011,Smart T-Shirt 11,Electronics,1425.46
P0012,Premium Notebook 12,Home & Kitchen,1716.14
P0013,Classic Coffee 13,Clothing,528.75
P0014,Everyday Lamp 14,Grocery,1359.38
P0015,Classic Backpack 15,Beauty,2324.15
P0016,Classic Coffee 16,Electronics,440.06
P0017,Everyday Notebook 17,Home & Kitchen,3161.77
P0018,Everyday Lamp 18,Clothing,1001.83
P0019,Classic Headphones 19,Grocery,3323.25
P0020,Everyday Headphones 20,Beauty,4283.82
P0021,Classic Coffee 21,Electronics,1425.97
P0022,Everyday Bottle 22,Home & Kitchen,1882.4
P0023,Premium Backpack 23,Clothing,1371.54
P0024,Classic Lamp 24,Grocery,3193.14
P0025,Comfort Backpack 25,Beauty,1261.81
P0026,Smart Coffee 26,Electronics,1386.24
P0027,Comfort Bottle 27,Home & Kitchen,3438.84
P0028,Classic Bottle 28,Clothing,4117.92
P0029,Everyday Coffee 29,Grocery,1375.32
P0030,Premium Lamp 30,Beauty,4388.02
P0031,Everyday Bottle 31,Electronics,3294.42
P0032,Smart Backpack 32,Home & Kitchen,2321.32
P0033,Everyday Bottle 33,Clothing,1270.81
P0034,Comfort Lamp 34,Grocery,1350.57
P0035,Comfort Coffee 35,Beauty,4494.22
P0036,Smart T-Shirt 36,Electronics,1135.64
P0037,Premium Lamp 37,Home & Kitchen,2492.9
P0038,Classic Notebook 38,Clothing,592.76
P0039,Premium Notebook 39,Grocery,3418.38
P0040,Comfort Headphones 40,Beauty,1954.6
P0041,Comfort Coffee 41,Electronics,2669.12
P0042,Comfort Notebook 42,Home & Kitchen,4715.03
P0043,Classic Backpack 43,Clothing,4429.7
P0044,Everyday Notebook 44,Grocery,3222.76
P0045,Classic T-Shirt 45,Beauty,2202.09
P0046,Smart Headphones 46,Electronics,4771.39
P0047,Everyday Lamp 47,Home & Kitchen,3821.71
P0048,Comfort Headphones 48,Clothing,4359.07
P0049,Everyday Notebook 49,Grocery,3212.8
P0050,Comfort Bottle 50,Beauty,806.55
P0051,Premium Lamp 51,Electronics,4769.82
P0052,Comfort Headphones 52,Home & Kitchen,3014.78
P0053,Smart Headphones 53,Clothing,603.75
P0054,Everyday Notebook 54,Grocery,4043.54
P0055,Premium Headphones 55,Beauty,1242.31
P0056,Comfort Headphones 56,Electronics,473.98
P0057,Smart Notebook 57,Home & Kitchen,392.6
P0058,Comfort Notebook 58,Clothing,672.51
P0059,Smart Lamp 59,Grocery,867.38
P0060,Comfort Notebook 60,Beauty,3052.64
P0061,Premium Lamp 61,Electronics,3788.56
P0062,Premium Backpack 62,Home & Kitchen,1593.0
P0063,Everyday Coffee 63,Clothing,4503.09
P0064,Smart Headphones 64,Grocery,1277.13
P0065,Classic T-Shirt 65,Beauty,154.12
P0066,Comfort Bottle 66,Electronics,2962.78
P0067,Classic Headphones 67,Home & Kitchen,3553.81
P0068,Classic Bottle 68,Clothing,383.63
P0069,Classic Notebook 69,Grocery,1685.62
P0070,Comfort Bottle 70,Beauty,1428.46
P0071,Smart Bottle 71,Electronics,2719.21
P0072,Comfort Lamp 72,Home & Kitchen,2389.72
P0073,Smart Notebook 73,Clothing,2064.95
P0074,Classic Headphones 74,Grocery,3311.96
P0075,Everyday Coffee 75,Beauty,2084.96
P0076,Classic Backpack 76,Electronics,3284.6
P0077,Classic Headphones 77,Home & Kitchen,2042.98
P0078,Everyday Notebook 78,Clothing,4315.28
P0079,Premium Bottle 79,Grocery,991.53
P0080,Smart Bottle 80,Beauty,2138.31
P0081,Everyday Coffee 81,Electronics,1286.54
P0082,Classic Coffee 82,Home & Kitchen,4049.71
P0083,Comfort Headphones 83,Clothing,300.41
P0084,Comfort Notebook 84,Grocery,123.05
P0085,Classic Notebook 85,Beauty,4251.04
P0086,Premium Coffee 86,Electronics,2453.92
P0087,Premium Notebook 87,Home & Kitchen,2035.15
P0088,Classic Bottle 88,Clothing,1925.92
P0089,Smart T-Shirt 89,Grocery,4636.26
P0090,Smart T-Shirt 90,Beauty,2143.89
P0091,Comfort Backpack 91,Electronics,3606.12
P0092,Premium Bottle 92,Home & Kitchen,1518.7
P0093,Classic Lamp 93,Clothing,3691.9
P0094,Classic Backpack 94,Grocery,1602.34
P0095,Classic Lamp 95,Beauty,2410.1
P0096,Comfort Bottle 96,Electronics,331.55
P0097,Comfort Headphones 97,Home & Kitchen,4264.15
P0098,Classic Lamp 98,Clothing,386.41
P0099,Premium Coffee 99,Grocery,643.44
P0100,Comfort Bottle 100,Beauty,2915.65
P0101,Classic Lamp 101,Electronics,455.82
P0102,Comfort Lamp 102,Home & Kitchen,2637.77
P0103,Everyday Bottle 103,Clothing,3365.14
P0104,Everyday Bottle 104,Grocery,1364.79
P0105,Premium Backpack 105,Beauty,3245.23
P0106,Smart T-Shirt 106,Electronics,4648.64
P0107,Classic Headphones 107,Home & Kitchen,2318.51
P0108,Comfort Headphones 108,Clothing,412.64
P0109,Premium Lamp 109,Grocery,1362.74
P0110,Everyday Headphones 110,Beauty,4402.39
P0111,Everyday T-Shirt 111,Electronics,830.85
P0112,Comfort Backpack 112,Home & Kitchen,1547.46
P0113,Comfort Headphones 113,Clothing,3355.92
P0114,Comfort T-Shirt 114,Grocery,4662.19
P0115,Classic Bottle 115,Beauty,1359.11
P0116,Classic Backpack 116,Electronics,2788.46
P0117,Everyday T-Shirt 117,Home & Kitchen,3043.91
P0118,Everyday Bottle 118,Clothing,3453.11
P0119,Everyday Lamp 119,Grocery,2468.23
P0120,Classic Headphones 120,Beauty,3189.71
P0121,Everyday Headphones 121,Electronics,67.55
P0122,Premium Backpack 122,Home & Kitchen,4900.0
P0123,Premium Backpack 123,Clothing,2237.09
P0124,Smart Lamp 124,Grocery,97.87
P0125,Classic Backpack 125,Beauty,4524.45
P0126,Comfort Headphones 126,Electronics,4181.25
P0127,Comfort Lamp 127,Home & Kitchen,783.06
P0128,Premium Headphones 128,Clothing,1575.88
P0129,Classic T-Shirt 129,Grocery,1089.88
P0130,Premium Backpack 130,Beauty,558.83
P0131,Comfort Notebook 131,Electronics,2061.57
P0132,Comfort Backpack 132,Home & Kitchen,815.04
P0133,Premium Notebook 133,Clothing,854.38
P0134,Premium Coffee 134,Grocery,172.69
P0135,Everyday Notebook 135,Beauty,4657.54
P0136,Premium T-Shirt 136,Electronics,838.03
P0137,Classic Coffee 137,Home & Kitchen,4367.23
P0138,Smart Bottle 138,Clothing,1037.89
P0139,Smart T-Shirt 139,Grocery,1560.69
P0140,Premium Bottle 140,Beauty,167.14
P0141,Premium Coffee 141,Electronics,1674.9
P0142,Classic Notebook 142,Home & Kitchen,1431.67
P0143,Comfort Coffee 143,Clothing,3413.61
P0144,Comfort T-Shirt 144,Grocery,4699.22
P0145,Classic T-Shirt 145,Beauty,933.91
P0146,Everyday Headphones 146,Electronics,586.59
P0147,Smart T-Shirt 147,Home & Kitchen,3656.3
P0148,Everyday Coffee 148,Clothing,3050.73
P0149,Comfort Headphones 149,Grocery,1956.72
P0150,Comfort Bottle 150,Beauty,1310.88
P0151,Smart Headphones 151,Electronics,2623.61
P0152,Comfort Backpack 152,Home & Kitchen,3611.18
P0153,Premium T-Shirt 153,Clothing,2184.92
P0154,Everyday Lamp 154,Grocery,1603.88
P0155,Classic Backpack 155,Beauty,4505.23
P0156,Comfort T-Shirt 156,Electronics,3351.12
P0157,Everyday Coffee 157,Home & Kitchen,3501.18
P0158,Comfort Bottle 158,Clothing,999.61
P0159,Smart Backpack 159,Grocery,3753.27
P0160,Premium Lamp 160,Beauty,2867.07
P0161,Smart Lamp 161,Electronics,4176.94
P0162,Everyday T-Shirt 162,Home & Kitchen,1090.4
P0163,Comfort Lamp 163,Clothing,3290.79
P0164,Smart Coffee 164,Grocery,2238.69
P0165,Premium Lamp 165,Beauty,2392.27
P0166,Premium Backpack 166,Electronics,469.74
P0167,Comfort Backpack 167,Home & Kitchen,3183.06
P0168,Everyday Headphones 168,Clothing,4101.2
P0169,Premium Backpack 169,Grocery,1586.58
P0170,Premium Bottle 170,Beauty,170.91
P0171,Premium Coffee 171,Electronics,3075.81
P0172,Classic Coffee 172,Home & Kitchen,2101.48
P0173,Comfort Bottle 173,Clothing,3605.81
P0174,Smart Coffee 174,Grocery,2028.28
P0175,Premium Backpack 175,Beauty,3453.73
P0176,Classic Notebook 176,Electronics,2154.47
P0177,Premium Notebook 177,Home & Kitchen,4791.93
P0178,Comfort Coffee 178,Clothing,298.58
P0179,Premium Notebook 179,Grocery,650.73
P0180,Premium Notebook 180,Beauty,2349.98
P0181,Comfort Lamp 181,Electronics,2997.49
P0182,Smart Lamp 182,Home & Kitchen,4084.28
P0183,Comfort Coffee 183,Clothing,4161.32
P0184,Comfort Coffee 184,Grocery,4491.18
P0185,Smart Coffee 185,Beauty,1333.0
P0186,Premium Notebook 186,Electronics,3206.42
P0187,Comfort Coffee 187,Home & Kitchen,3152.4
P0188,Everyday Coffee 188,Clothing,433.54
P0189,Everyday Bottle 189,Grocery,1394.99
P0190,Everyday Lamp 190,Beauty,448.86
P0191,Premium Bottle 191,Electronics,1946.02
P0192,Premium Backpack 192,Home & Kitchen,1109.07
P0193,Smart Coffee 193,Clothing,1687.86
P0194,Smart Coffee 194,Grocery,358.22
P0195,Smart Coffee 195,Beauty,4528.95
P0196,Comfort Backpack 196,Electronics,146.68
P0197,Comfort Coffee 197,Home & Kitchen,2411.05
P0198,Everyday T-Shirt 198,Clothing,3779.7
P0199,Smart Lamp 199,Grocery,3750.2
P0200,Comfort Notebook 200,Beauty,3036.1
P0201,Premium Coffee 201,Electronics,1136.14
P0202,Smart Coffee 202,Home & Kitchen,193.67
P0203,Everyday Backpack 203,Clothing,3411.75
P0204,Smart Backpack 204,Grocery,866.97
P0205,Smart Bottle 205,Beauty,4904.57
P0206,Comfort Headphones 206,Electronics,4539.3
P0207,Comfort Lamp 207,Home & Kitchen,3331.85
P0208,Classic Backpack 208,Clothing,2171.63
P0209,Smart Bottle 209,Grocery,298.91
P0210,Smart T-Shirt 210,Beauty,1097.72
P0211,Everyday T-Shirt 211,Electronics,3818.09
P0212,Smart T-Shirt 212,Home & Kitchen,3772.45
P0213,Smart T-Shirt 213,Clothing,4182.81
P0214,Smart Headphones 214,Grocery,3757.67
P0215,Classic T-Shirt 215,Beauty,1159.9
P0216,Classic Notebook 216,Electronics,4788.56
P0217,Classic Notebook 217,Home & Kitchen,203.6
P0218,Premium Bottle 218,Clothing,4204.18
P0219,Comfort Bottle 219,Grocery,1230.8
P0220,Smart Backpack 220,Beauty,616.23
P0221,Premium Coffee 221,Electronics,3512.35
P0222,Everyday Bottle 222,Home & Kitchen,3049.17
P0223,Classic Notebook 223,Clothing,4105.54
P0224,Everyday Headphones 224,Grocery,2914.49
P0225,Everyday Lamp 225,Beauty,3402.87
P0226,Smart Coffee 226,Electronics,4710.28
P0227,Premium Headphones 227,Home & Kitchen,2980.88
P0228,Premium Headphones 228,Clothing,3501.11
P0229,Everyday Notebook 229,Grocery,3437.08
P0230,Classic Notebook 230,Beauty,4920.03
P0231,Classic T-Shirt 231,Electronics,2687.09
P0232,Everyday Headphones 232,Home & Kitchen,2554.51
P0233,Everyday Headphones 233,Clothing,4255.4
P0234,Smart Headphones 234,Grocery,2195.94
P0235,Everyday Backpack 235,Beauty,4463.3
P0236,Smart Backpack 236,Electronics,807.31
P0237,Premium Backpack 237,Home & Kitchen,2632.65
P0238,Everyday Lamp 238,Clothing,4050.59
P0239,Comfort Notebook 239,Grocery,2443.31
P0240,Smart Notebook 240,Beauty,3668.58
P0241,Everyday T-Shirt 241,Electronics,4265.98
P0242,Classic T-Shirt 242,Home & Kitchen,4414.07
P0243,Premium Notebook 243,Clothing,2350.31
P0244,Comfort Backpack 244,Grocery,1926.0
P0245,Classic Coffee 245,Beauty,4262.22
P0246,Premium Coffee 246,Electronics,1099.99
P0247,Everyday T-Shirt 247,Home & Kitchen,1434.31
P0248,Comfort Backpack 248,Clothing,4406.53
P0249,Comfort Headphones 249,Grocery,2607.3
P0250,Premium Headphones 250,Beauty,1244.71
P0251,Smart Coffee 251,Electronics,2798.12
P0252,Premium Backpack 252,Home & Kitchen,2406.66
P0253,Smart Coffee 253,Clothing,3975.02
P0254,Classic T-Shirt 254,Grocery,1146.9
P0255,Premium T-Shirt 255,Beauty,3336.6
P0256,Everyday Coffee 256,Electronics,2789.69
P0257,Everyday Coffee 257,Home & Kitchen,4983.33
P0258,Comfort T-Shirt 258,Clothing,1791.46
P0259,Smart T-Shirt 259,Grocery,1567.78
P0260,Premium Headphones 260,Beauty,3620.36
P0261,Everyday Headphones 261,Electronics,3727.26
P0262,Premium Bottle 262,Home & Kitchen,1121.1
P0263,Smart T-Shirt 263,Clothing,3636.7
P0264,Comfort Lamp 264,Grocery,1450.84
P0265,Classic Notebook 265,Beauty,1010.88
P0266,Premium T-Shirt 266,Electronics,938.24
P0267,Classic Backpack 267,Home & Kitchen,2693.97
P0268,Everyday Headphones 268,Clothing,4872.76
P0269,Comfort T-Shirt 269,Grocery,3502.22
P0270,Premium Backpack 270,Beauty,4348.88
P0271,Smart Headphones 271,Electronics,4369.96
P0272,Comfort T-Shirt 272,Home & Kitchen,2373.51
P0273,Smart T-Shirt 273,Clothing,962.6
P0274,Classic T-Shirt 274,Grocery,4708.26
P0275,Smart Headphones 275,Beauty,4119.47
P0276,Smart Coffee 276,Electronics,416.71
P0277,Classic Bottle 277,Home & Kitchen,788.53
P0278,Comfort T-Shirt 278,Clothing,471.65
P0279,Premium Headphones 279,Grocery,2812.46
P0280,Smart Lamp 280,Beauty,3000.83
P0281,Comfort Bottle 281,Electronics,3889.68
P0282,Smart Coffee 282,Home & Kitchen,4547.1
P0283,Everyday Notebook 283,Clothing,2963.2
P0284,Smart T-Shirt 284,Grocery,2864.72
P0285,Classic Lamp 285,Beauty,4802.54
P0286,Classic Notebook 286,Electronics,1078.55
P0287,Premium T-Shirt 287,Home & Kitchen,3319.12
P0288,Premium Bottle 288,Clothing,910.38
P0289,Classic Bottle 289,Grocery,63.24
P0290,Smart Backpack 290,Beauty,2989.37
P0291,Everyday Headphones 291,Electronics,1195.81
P0292,Everyday Backpack 292,Home & Kitchen,4305.05
P0293,Classic Backpack 293,Clothing,1205.45
P0294,Everyday Notebook 294,Grocery,3966.68
P0295,Comfort Backpack 295,Beauty,4029.33
P0296,Premium Coffee 296,Electronics,618.14
P0297,Premium Backpack 297,Home & Kitchen,787.5
P0298,Everyday Notebook 298,Clothing,754.07
P0299,Classic Bottle 299,Grocery,3973.51
P0300,Comfort Backpack 300,Beauty,4129.99
P0301,Everyday Coffee 301,Electronics,665.55
P0302,Everyday Backpack 302,Home & Kitchen,2042.42
P0303,Everyday Lamp 303,Clothing,2722.91
P0304,Smart Headphones 304,Grocery,3010.28
P0305,Smart Backpack 305,Beauty,1645.49
P0306,Everyday Headphones 306,Electronics,502.07
P0307,Comfort Lamp 307,Home & Kitchen,4756.39
P0308,Everyday Lamp 308,Clothing,249.15
P0309,Premium Coffee 309,Grocery,2618.87
P0310,Smart T-Shirt 310,Beauty,948.37
P0311,Comfort Coffee 311,Electronics,3192.18
P0312,Smart Headphones 312,Home & Kitchen,2376.55
P0313,Smart T-Shirt 313,Clothing,1639.24
P0314,Classic Notebook 314,Grocery,846.08
P0315,Smart Backpack 315,Beauty,2502.57
P0316,Smart Notebook 316,Electronics,3814.47
P0317,Classic Coffee 317,Home & Kitchen,485.9
P0318,Everyday T-Shirt 318,Clothing,623.81
P0319,Smart Notebook 319,Grocery,2597.25
P0320,Classic Backpack 320,Beauty,4353.37
P0321,Smart Coffee 321,Electronics,318.31
P0322,Comfort T-Shirt 322,Home & Kitchen,3132.04
P0323,Smart Backpack 323,Clothing,2238.1
P0324,Classic Bottle 324,Grocery,1371.93
P0325,Premium T-Shirt 325,Beauty,2218.67
P0326,Smart Headphones 326,Electronics,192.9
P0327,Comfort Notebook 327,Home & Kitchen,1234.52
P0328,Premium T-Shirt 328,Clothing,2776.65
P0329,Comfort Coffee 329,Grocery,511.39
P0330,Classic Coffee 330,Beauty,4737.95
P0331,Premium Coffee 331,Electronics,4666.63
P0332,Everyday Lamp 332,Home & Kitchen,3541.79
P0333,Smart Notebook 333,Clothing,2438.37
P0334,Smart Bottle 334,Grocery,2311.09
P0335,Premium Coffee 335,Beauty,993.52
P0336,Comfort Lamp 336,Electronics,3744.15
P0337,Premium Notebook 337,Home & Kitchen,395.56
P0338,Smart T-Shirt 338,Clothing,4674.53
P0339,Comfort T-Shirt 339,Grocery,4111.72
P0340,Everyday Backpack 340,Beauty,1527.85
P0341,Comfort Lamp 341,Electronics,4994.57
P0342,Smart Notebook 342,Home & Kitchen,785.55
P0343,Comfort Coffee 343,Clothing,1758.36
P0344,Comfort Notebook 344,Grocery,2739.98
P0345,Smart T-Shirt 345,Beauty,4354.53
P0346,Premium Lamp 346,Electronics,1945.71
P0347,Smart Headphones 347,Home & Kitchen,1624.97
P0348,Smart Backpack 348,Clothing,4571.48
P0349,Smart Coffee 349,Grocery,4942.65
P0350,Premium Coffee 350,Beauty,4825.88
P0351,Premium Lamp 351,Electronics,4828.5
P0352,Everyday Notebook 352,Home & Kitchen,546.8
P0353,Smart Headphones 353,Clothing,2653.46
P0354,Smart Headphones 354,Grocery,3626.1
P0355,Smart Notebook 355,Beauty,3291.17
P0356,Premium Headphones 356,Electronics,2373.98
P0357,Everyday T-Shirt 357,Home & Kitchen,3135.13
P0358,Smart Backpack 358,Clothing,447.56
P0359,Everyday Notebook 359,Grocery,3388.07
P0360,Comfort Coffee 360,Beauty,4772.99
P0361,Smart Notebook 361,Electronics,2728.03
P0362,Comfort Headphones 362,Home & Kitchen,1212.11
P0363,Everyday Bottle 363,Clothing,3746.49
P0364,Smart Headphones 364,Grocery,3813.83
P0365,Classic Coffee 365,Beauty,873.51
P0366,Everyday Headphones 366,Electronics,277.66
P0367,Classic T-Shirt 367,Home & Kitchen,1824.39
P0368,Smart Bottle 368,Clothing,1258.78
P0369,Smart Lamp 369,Grocery,3424.91
P0370,Premium Bottle 370,Beauty,916.59
P0371,Comfort Notebook 371,Electronics,1943.59
P0372,Premium Coffee 372,Home & Kitchen,4568.5
P0373,Premium Bottle 373,Clothing,2332.69
P0374,Everyday Coffee 374,Grocery,1313.87
P0375,Classic Notebook 375,Beauty,2353.0
P0376,Everyday Backpack 376,Electronics,2755.66
P0377,Classic Coffee 377,Home & Kitchen,4728.92
P0378,Comfort T-Shirt 378,Clothing,3212.75
P0379,Smart Backpack 379,Grocery,1287.99
P0380,Everyday Bottle 380,Beauty,4996.9
P0381,Smart Headphones 381,Electronics,1224.17
P0382,Comfort T-Shirt 382,Home & Kitchen,2895.32
P0383,Everyday Headphones 383,Clothing,4890.83
P0384,Smart T-Shirt 384,Grocery,90.08
P0385,Classic Lamp 385,Beauty,3738.6
P0386,Everyday Notebook 386,Electronics,4004.36
P0387,Comfort Notebook 387,Home & Kitchen,1793.99
P0388,Premium Lamp 388,Clothing,1290.6
P0389,Premium Backpack 389,Grocery,530.96
P0390,Classic T-Shirt 390,Beauty,3953.62
P0391,Classic Lamp 391,Electronics,1856.06
P0392,Premium Headphones 392,Home & Kitchen,4552.66
P0393,Everyday Backpack 393,Clothing,2106.74
P0394,Premium Bottle 394,Grocery,3943.24
P0395,Everyday Lamp 395,Beauty,2533.88
P0396,Everyday Notebook 396,Electronics,864.49
P0397,Smart Notebook 397,Home & Kitchen,1510.95
P0398,Everyday Notebook 398,Clothing,620.09
P0399,Classic Bottle 399,Grocery,3783.05
P0400,Premium Notebook 400,Beauty,3397.8
P0401,Smart Notebook 401,Electronics,4032.71
P0402,Everyday Headphones 402,Home & Kitchen,3963.88
P0403,Classic T-Shirt 403,Clothing,2706.03
P0404,Smart T-Shirt 404,Grocery,3380.5
P0405,Everyday Lamp 405,Beauty,1936.08
P0406,Everyday Headphones 406,Electronics,3390.44
P0407,Smart Headphones 407,Home & Kitchen,3116.76
P0408,Comfort T-Shirt 408,Clothing,4580.52
P0409,Premium Backpack 409,Grocery,362.92
P0410,Smart Backpack 410,Beauty,1545.84
P0411,Smart Headphones 411,Electronics,741.9
P0412,Classic T-Shirt 412,Home & Kitchen,4979.84
P0413,Classic Headphones 413,Clothing,1212.26
P0414,Comfort Bottle 414,Grocery,1973.8
P0415,Everyday Backpack 415,Beauty,4749.43
P0416,Comfort Coffee 416,Electronics,2957.33
P0417,Premium Coffee 417,Home & Kitchen,3291.86
P0418,Smart Lamp 418,Clothing,2070.17
P0419,Everyday Headphones 419,Grocery,3466.89
P0420,Premium Coffee 420,Beauty,2251.24
P0421,Premium Notebook 421,Electronics,1845.3
P0422,Everyday Lamp 422,Home & Kitchen,4513.4
P0423,Everyday Headphones 423,Clothing,2020.79
P0424,Premium Headphones 424,Grocery,4747.6
P0425,Smart Headphones 425,Beauty,3330.71
P0426,Comfort Headphones 426,Electronics,300.36
P0427,Everyday Bottle 427,Home & Kitchen,4944.66
P0428,Comfort Bottle 428,Clothing,389.62
P0429,Comfort Bottle 429,Grocery,2952.6
P0430,Premium T-Shirt 430,Beauty,3883.12
P0431,Comfort Headphones 431,Electronics,1422.51
P0432,Premium Bottle 432,Home & Kitchen,2724.07
P0433,Premium Headphones 433,Clothing,3322.24
P0434,Classic Bottle 434,Grocery,123.56
P0435,Premium Lamp 435,Beauty,1652.67
P0436,Premium T-Shirt 436,Electronics,309.38
P0437,Smart Lamp 437,Home & Kitchen,612.56
P0438,Classic Coffee 438,Clothing,2268.96
P0439,Everyday Lamp 439,Grocery,2988.65
P0440,Smart Lamp 440,Beauty,1146.67
P0441,Comfort Headphones 441,Electronics,3649.85
P0442,Comfort T-Shirt 442,Home & Kitchen,2317.31
P0443,Classic Headphones 443,Clothing,4993.0
P0444,Smart Coffee 444,Grocery,3446.18
P0445,Smart Backpack 445,Beauty,4553.02
P0446,Classic Headphones 446,Electronics,1644.45
P0447,Premium Headphones 447,Home & Kitchen,674.65
P0448,Comfort Backpack 448,Clothing,2947.56
P0449,Everyday Coffee 449,Grocery,4973.41
P0450,Comfort T-Shirt 450,Beauty,2295.89
P0451,Comfort Coffee 451,Electronics,540.93
P0452,Classic Notebook 452,Home & Kitchen,3290.83
P0453,Comfort Backpack 453,Clothing,4334.19
P0454,Smart Coffee 454,Grocery,4446.05
P0455,Smart T-Shirt 455,Beauty,4145.73
P0456,Smart Coffee 456,Electronics,3661.58
P0457,Everyday Coffee 457,Home & Kitchen,1596.99
P0458,Everyday T-Shirt 458,Clothing,4770.28
P0459,Smart Headphones 459,Grocery,501.56
P0460,Classic Headphones 460,Beauty,2187.79
P0461,Everyday Notebook 461,Electronics,694.07
P0462,Classic Lamp 462,Home & Kitchen,4785.29
P0463,Comfort T-Shirt 463,Clothing,3366.57
P0464,Smart T-Shirt 464,Grocery,4374.36
P0465,Smart Notebook 465,Beauty,4583.43
P0466,Classic T-Shirt 466,Electronics,3022.03
P0467,Everyday Headphones 467,Home & Kitchen,2910.7
P0468,Premium Bottle 468,Clothing,3300.84
P0469,Premium Notebook 469,Grocery,585.68
P0470,Comfort T-Shirt 470,Beauty,618.68
P0471,Everyday Lamp 471,Electronics,1169.49
P0472,Smart Notebook 472,Home & Kitchen,2826.78
P0473,Comfort Lamp 473,Clothing,3391.13
P0474,Comfort Headphones 474,Grocery,3064.52
P0475,Everyday Headphones 475,Beauty,943.06
P0476,Everyday T-Shirt 476,Electronics,1787.57
P0477,Premium Notebook 477,Home & Kitchen,759.09
P0478,Smart Headphones 478,Clothing,752.28
P0479,Classic Headphones 479,Grocery,3743.25
P0480,Premium Coffee 480,Beauty,2128.17
P0481,Everyday Bottle 481,Electronics,1881.76
P0482,Everyday Notebook 482,Home & Kitchen,4709.97
P0483,Comfort Headphones 483,Clothing,4422.54
P0484,Premium Bottle 484,Grocery,3784.46
P0485,Classic Backpack 485,Beauty,453.83
P0486,Smart Backpack 486,Electronics,2148.87
P0487,Comfort Coffee 487,Home & Kitchen,2100.21
P0488,Premium Notebook 488,Clothing,2586.11
P0489,Everyday Coffee 489,Grocery,598.9
P0490,Comfort Coffee 490,Beauty,2658.32
P0491,Everyday Headphones 491,Electronics,1141.57
P0492,Comfort Headphones 492,Home & Kitchen,88.05
P0493,Everyday Bottle 493,Clothing,3848.38
P0494,Everyday T-Shirt 494,Grocery,1674.21
P0495,Classic Coffee 495,Beauty,3747.72
P0496,Premium Bottle 496,Electronics,1932.03
P0497,Premium Lamp 497,Home & Kitchen,2815.68
P0498,Everyday Headphones 498,Clothing,2015.5
P0499,Classic Coffee 499,Grocery,142.77
P0500,Classic Notebook 500,Beauty,1599.65
P0501,Smart Lamp 501,Electronics,2051.89
P0502,Smart T-Shirt 502,Home & Kitchen,620.11
P0503,Classic T-Shirt 503,Clothing,900.77
P0504,Comfort Coffee 504,Grocery,4168.53
P0505,Everyday Headphones 505,Beauty,2211.72
P0506,Classic Bottle 506,Electronics,2206.6
P0507,Smart Lamp 507,Home & Kitchen,439.3
P0508,Everyday Backpack 508,Clothing,1730.59
P0509,Everyday Notebook 509,Grocery,882.26
P0510,Comfort Backpack 510,Beauty,614.43
P0511,Comfort Bottle 511,Electronics,4534.32
P0512,Everyday T-Shirt 512,Home & Kitchen,3650.53
P0513,Premium Bottle 513,Clothing,558.88
P0514,Everyday Bottle 514,Grocery,908.82
P0515,Premium Notebook 515,Beauty,3807.8
P0516,Classic Bottle 516,Electronics,4758.9
P0517,Smart Coffee 517,Home & Kitchen,3784.51
P0518,Comfort Coffee 518,Clothing,3421.61
P0519,Comfort Backpack 519,Grocery,3194.73
P0520,Comfort T-Shirt 520,Beauty,4328.02
P0521,Everyday Bottle 521,Electronics,2226.83
P0522,Smart Coffee 522,Home & Kitchen,3175.36
P0523,Everyday Lamp 523,Clothing,328.05
P0524,Comfort Headphones 524,Grocery,1586.52
P0525,Smart Headphones 525,Beauty,331.61
P0526,Everyday Headphones 526,Electronics,3241.1
P0527,Classic Lamp 527,Home & Kitchen,2990.7
P0528,Smart Coffee 528,Clothing,2922.63
P0529,Classic Coffee 529,Grocery,4549.8
P0530,Comfort Backpack 530,Beauty,981.79
P0531,Comfort Coffee 531,Electronics,2531.77
P0532,Classic Coffee 532,Home & Kitchen,562.33
P0533,Everyday Backpack 533,Clothing,467.43
P0534,Premium Headphones 534,Grocery,1276.33
P0535,Smart Coffee 535,Beauty,2644.14
P0536,Comfort Bottle 536,Electronics,1851.29
P0537,Everyday Coffee 537,Home & Kitchen,2073.41
P0538,Everyday Backpack 538,Clothing,3009.54
P0539,Everyday Headphones 539,Grocery,1681.97
P0540,Comfort Backpack 540,Beauty,1963.49
P0541,Everyday Backpack 541,Electronics,4265.25
P0542,Comfort Notebook 542,Home & Kitchen,794.35
P0543,Classic Lamp 543,Clothing,3334.88
P0544,Everyday T-Shirt 544,Grocery,4840.1
P0545,Smart Bottle 545,Beauty,2995.45
P0546,Classic T-Shirt 546,Electronics,2816.66
P0547,Everyday Notebook 547,Home & Kitchen,682.58
P0548,Comfort Headphones 548,Clothing,3247.82
P0549,Smart Lamp 549,Grocery,1841.05
P0550,Everyday T-Shirt 550,Beauty,942.3
P0551,Premium T-Shirt 551,Electronics,4740.96
P0552,Smart Bottle 552,Home & Kitchen,1171.39
P0553,Premium Bottle 553,Clothing,431.97
P0554,Classic Lamp 554,Grocery,3865.83
P0555,Comfort Headphones 555,Beauty,3326.55
P0556,Comfort Bottle 556,Electronics,3006.37
P0557,Premium Bottle 557,Home & Kitchen,945.19
P0558,Comfort Notebook 558,Clothing,4518.15
P0559,Smart Headphones 559,Grocery,2083.75
P0560,Premium Coffee 560,Beauty,3072.45
P0561,Smart Bottle 561,Electronics,2693.36
P0562,Everyday Notebook 562,Home & Kitchen,3932.63
P0563,Premium T-Shirt 563,Clothing,3407.62
P0564,Comfort Coffee 564,Grocery,2335.32
P0565,Everyday Notebook 565,Beauty,1940.27
P0566,Comfort Coffee 566,Electronics,4833.03
P0567,Premium Notebook 567,Home & Kitchen,3043.08
P0568,Everyday Headphones 568,Clothing,3223.84
P0569,Everyday Lamp 569,Grocery,4674.75
P0570,Comfort Notebook 570,Beauty,667.15
P0571,Classic Notebook 571,Electronics,843.55
P0572,Smart Lamp 572,Home & Kitchen,779.38
P0573,Smart Headphones 573,Clothing,4734.75
P0574,Premium Notebook 574,Grocery,2283.08
P0575,Everyday Headphones 575,Beauty,2103.74
P0576,Smart Lamp 576,Electronics,1901.11
P0577,Smart Headphones 577,Home & Kitchen,1905.82
P0578,Classic T-Shirt 578,Clothing,4657.59
P0579,Everyday Notebook 579,Grocery,772.94
P0580,Classic T-Shirt 580,Beauty,4591.11
P0581,Smart Backpack 581,Electronics,4164.0
P0582,Smart Coffee 582,Home & Kitchen,3095.97
P0583,Classic Headphones 583,Clothing,1316.82
P0584,Premium Lamp 584,Grocery,4704.12
P0585,Comfort Lamp 585,Beauty,2145.11
P0586,Everyday Bottle 586,Electronics,1540.7
P0587,Classic Bottle 587,Home & Kitchen,2128.14
P0588,Comfort Coffee 588,Clothing,360.9
P0589,Smart Lamp 589,Grocery,2703.47
P0590,Comfort Lamp 590,Beauty,1247.59
P0591,Premium T-Shirt 591,Electronics,2174.73
P0592,Comfort T-Shirt 592,Home & Kitchen,1240.79
P0593,Smart Bottle 593,Clothing,3338.64
P0594,Classic Lamp 594,Grocery,4874.54
P0595,Classic Lamp 595,Beauty,2743.21
P0596,Comfort Lamp 596,Electronics,150.65
P0597,Smart Headphones 597,Home & Kitchen,3196.57
P0598,Everyday T-Shirt 598,Clothing,3749.22
P0599,Everyday Notebook 599,Grocery,384.42
P0600,Premium Backpack 600,Beauty,3302.67
P0601,Classic Notebook 601,Electronics,2930.42
P0602,Everyday Bottle 602,Home & Kitchen,269.46
P0603,Comfort T-Shirt 603,Clothing,4076.87
P0604,Premium Notebook 604,Grocery,3906.76
P0605,Smart Backpack 605,Beauty,2418.73
P0606,Premium Notebook 606,Electronics,717.52
P0607,Smart Headphones 607,Home & Kitchen,1502.54
P0608,Classic Notebook 608,Clothing,1037.38
P0609,Classic T-Shirt 609,Grocery,4670.19
P0610,Comfort Coffee 610,Beauty,4946.16
P0611,Comfort Coffee 611,Electronics,1303.9
P0612,Premium T-Shirt 612,Home & Kitchen,1817.02
P0613,Classic Notebook 613,Clothing,3295.87
P0614,Everyday Headphones 614,Grocery,4006.74
P0615,Smart Coffee 615,Beauty,3729.37
P0616,Smart T-Shirt 616,Electronics,4869.93
P0617,Smart Backpack 617,Home & Kitchen,2512.74
P0618,Comfort T-Shirt 618,Clothing,4015.68
P0619,Smart Headphones 619,Grocery,2181.51
P0620,Premium Lamp 620,Beauty,1504.14
P0621,Classic Headphones 621,Electronics,1673.2
P0622,Everyday T-Shirt 622,Home & Kitchen,2257.28
P0623,Smart Bottle 623,Clothing,3464.34
P0624,Everyday Coffee 624,Grocery,259.66
P0625,Everyday Lamp 625,Beauty,4990.85
P0626,Everyday Backpack 626,Electronics,4901.14
P0627,Classic Headphones 627,Home & Kitchen,3372.36
P0628,Smart T-Shirt 628,Clothing,2589.78
P0629,Premium Headphones 629,Grocery,756.76
P0630,Comfort Backpack 630,Beauty,3917.49
P0631,Classic Bottle 631,Electronics,382.81
P0632,Everyday T-Shirt 632,Home & Kitchen,1945.13
P0633,Comfort Headphones 633,Clothing,3045.22
P0634,Smart T-Shirt 634,Grocery,1891.47
P0635,Classic Lamp 635,Beauty,731.59
P0636,Everyday Coffee 636,Electronics,1606.21
P0637,Everyday Bottle 637,Home & Kitchen,4804.57
P0638,Classic Backpack 638,Clothing,970.94
P0639,Comfort Coffee 639,Grocery,4572.04
P0640,Classic T-Shirt 640,Beauty,3886.07
P0641,Smart Bottle 641,Electronics,4982.01
P0642,Everyday Backpack 642,Home & Kitchen,4586.57
P0643,Smart Bottle 643,Clothing,657.06
P0644,Classic Coffee 644,Grocery,904.65
P0645,Smart Headphones 645,Beauty,4062.04
P0646,Everyday Backpack 646,Electronics,1769.76
P0647,Classic Lamp 647,Home & Kitchen,2733.75
P0648,Everyday Notebook 648,Clothing,829.65
P0649,Premium Notebook 649,Grocery,1839.39
P0650,Premium Headphones 650,Beauty,4926.41
P0651,Premium Bottle 651,Electronics,3962.35
P0652,Classic T-Shirt 652,Home & Kitchen,2792.41
P0653,Everyday Coffee 653,Clothing,4028.13
P0654,Comfort Bottle 654,Grocery,3079.14
P0655,Classic Headphones 655,Beauty,1580.99
P0656,Smart Lamp 656,Electronics,2083.44
P0657,Smart Notebook 657,Home & Kitchen,2895.76
P0658,Premium T-Shirt 658,Clothing,3229.58
P0659,Smart Coffee 659,Grocery,3416.54
P0660,Everyday Bottle 660,Beauty,4395.9
P0661,Comfort Backpack 661,Electronics,2959.54
P0662,Premium Coffee 662,Home & Kitchen,2539.18
P0663,Classic Notebook 663,Clothing,664.6
P0664,Premium T-Shirt 664,Grocery,865.05
P0665,Everyday Backpack 665,Beauty,1166.08
P0666,Comfort T-Shirt 666,Electronics,4237.37
P0667,Everyday Bottle 667,Home & Kitchen,3193.53
P0668,Comfort T-Shirt 668,Clothing,669.59
P0669,Everyday Lamp 669,Grocery,2690.72
P0670,Comfort Backpack 670,Beauty,884.75
P0671,Comfort Bottle 671,Electronics,897.44
P0672,Comfort Backpack 672,Home & Kitchen,4514.9
P0673,Everyday Notebook 673,Clothing,4623.45
P0674,Classic Notebook 674,Grocery,4325.72
P0675,Classic Headphones 675,Beauty,4745.31
P0676,Comfort T-Shirt 676,Electronics,3273.09
P0677,Comfort Coffee 677,Home & Kitchen,3109.64
P0678,Classic Coffee 678,Clothing,4450.53
P0679,Comfort T-Shirt 679,Grocery,3227.44
P0680,Everyday Coffee 680,Beauty,1262.15
P0681,Smart T-Shirt 681,Electronics,2295.04
P0682,Classic Bottle 682,Home & Kitchen,2226.05
P0683,Smart Coffee 683,Clothing,1059.91
P0684,Comfort Bottle 684,Grocery,1597.28
P0685,Everyday Backpack 685,Beauty,4940.72
P0686,Everyday Coffee 686,Electronics,697.29
P0687,Everyday Lamp 687,Home & Kitchen,2830.17
P0688,Everyday Bottle 688,Clothing,2359.04
P0689,Everyday Coffee 689,Grocery,1277.2
P0690,Classic Headphones 690,Beauty,1486.55
P0691,Smart Notebook 691,Electronics,3096.12
P0692,Premium Notebook 692,Home & Kitchen,4516.44
P0693,Everyday Lamp 693,Clothing,3619.59
P0694,Premium Notebook 694,Grocery,838.74
P0695,Comfort Coffee 695,Beauty,2518.86
P0696,Everyday Coffee 696,Electronics,164.72
P0697,Smart Lamp 697,Home & Kitchen,2313.29
P0698,Premium Bottle 698,Clothing,2937.55
P0699,Classic Headphones 699,Grocery,1442.71
P0700,Comfort Notebook 700,Beauty,3288.59
P0701,Smart T-Shirt 701,Electronics,2706.62
P0702,Classic Coffee 702,Home & Kitchen,712.98
P0703,Everyday Backpack 703,Clothing,1860.6
P0704,Smart T-Shirt 704,Grocery,273.95
P0705,Classic Lamp 705,Beauty,2830.99
P0706,Everyday Lamp 706,Electronics,1478.58
P0707,Smart Lamp 707,Home & Kitchen,2279.25
P0708,Comfort T-Shirt 708,Clothing,4135.29
P0709,Comfort Backpack 709,Grocery,3074.66
P0710,Premium Headphones 710,Beauty,1999.82
P0711,Everyday Lamp 711,Electronics,4697.8
P0712,Premium Bottle 712,Home & Kitchen,3032.19
P0713,Smart Lamp 713,Clothing,249.26
P0714,Classic Bottle 714,Grocery,3582.28
P0715,Smart Lamp 715,Beauty,2312.09
P0716,Comfort Lamp 716,Electronics,741.92
P0717,Comfort T-Shirt 717,Home & Kitchen,854.39
P0718,Comfort Backpack 718,Clothing,4220.88
P0719,Comfort T-Shirt 719,Grocery,2561.21
P0720,Comfort Lamp 720,Beauty,2474.74
P0721,Comfort T-Shirt 721,Electronics,2400.72
P0722,Classic T-Shirt 722,Home & Kitchen,1689.64
P0723,Classic Coffee 723,Clothing,2939.33
P0724,Classic Lamp 724,Grocery,2399.22
P0725,Comfort Lamp 725,Beauty,1176.34
P0726,Classic Lamp 726,Electronics,2428.22
P0727,Comfort Backpack 727,Home & Kitchen,3619.86
P0728,Smart Bottle 728,Clothing,4117.22
P0729,Premium Headphones 729,Grocery,2884.22
P0730,Classic Bottle 730,Beauty,143.74
P0731,Everyday Coffee 731,Electronics,799.58
P0732,Premium Coffee 732,Home & Kitchen,2534.01
P0733,Comfort Coffee 733,Clothing,4370.45
P0734,Classic Backpack 734,Grocery,733.51
P0735,Premium Lamp 735,Beauty,1659.0
P0736,Smart Lamp 736,Electronics,1915.28
P0737,Premium Coffee 737,Home & Kitchen,4565.01
P0738,Everyday Lamp 738,Clothing,1803.72
P0739,Everyday Lamp 739,Grocery,2446.69
P0740,Premium T-Shirt 740,Beauty,2812.53
P0741,Premium T-Shirt 741,Electronics,3867.31
P0742,Premium Backpack 742,Home & Kitchen,3539.69
P0743,Everyday Coffee 743,Clothing,1776.58
P0744,Everyday T-Shirt 744,Grocery,653.28
P0745,Comfort Coffee 745,Beauty,4484.01
P0746,Smart Notebook 746,Electronics,1758.42
P0747,Premium T-Shirt 747,Home & Kitchen,258.23
P0748,Classic T-Shirt 748,Clothing,4623.85
P0749,Everyday Backpack 749,Grocery,2421.44
P0750,Premium Notebook 750,Beauty,2715.96
P0751,Comfort Backpack 751,Electronics,1394.53
P0752,Classic Lamp 752,Home & Kitchen,3717.41
P0753,Premium Bottle 753,Clothing,301.29
P0754,Comfort Bottle 754,Grocery,3207.83
P0755,Classic Headphones 755,Beauty,2095.84
P0756,Smart Headphones 756,Electronics,3421.9
P0757,Premium Headphones 757,Home & Kitchen,4824.37
P0758,Premium Coffee 758,Clothing,3281.82
P0759,Smart Coffee 759,Grocery,3270.17
P0760,Everyday T-Shirt 760,Beauty,1462.81
P0761,Classic Notebook 761,Electronics,492.83
P0762,Comfort Bottle 762,Home & Kitchen,2699.0
P0763,Classic Bottle 763,Clothing,2118.53
P0764,Premium Headphones 764,Grocery,4986.0
P0765,Smart Notebook 765,Beauty,2502.15
P0766,Everyday Headphones 766,Electronics,95.87
P0767,Comfort Lamp 767,Home & Kitchen,581.14
P0768,Everyday T-Shirt 768,Clothing,2299.03
P0769,Comfort Lamp 769,Grocery,2494.87
P0770,Premium Notebook 770,Beauty,2545.85
P0771,Everyday Bottle 771,Electronics,4053.63
P0772,Everyday Bottle 772,Home & Kitchen,3669.04
P0773,Everyday Backpack 773,Clothing,971.69
P0774,Everyday Notebook 774,Grocery,1510.37
P0775,Premium Bottle 775,Beauty,3074.22
P0776,Smart Notebook 776,Electronics,2167.13
P0777,Everyday Headphones 777,Home & Kitchen,2034.12
P0778,Classic Bottle 778,Clothing,4909.34
P0779,Smart T-Shirt 779,Grocery,4682.34
P0780,Classic T-Shirt 780,Beauty,1948.69
P0781,Smart Notebook 781,Electronics,1371.62
P0782,Everyday T-Shirt 782,Home & Kitchen,2933.18
P0783,Comfort Headphones 783,Clothing,1344.69
P0784,Everyday Backpack 784,Grocery,1219.7
P0785,Classic Coffee 785,Beauty,1568.69
P0786,Smart Backpack 786,Electronics,2537.48
P0787,Everyday Backpack 787,Home & Kitchen,631.21
P0788,Everyday T-Shirt 788,Clothing,3092.4
P0789,Premium Bottle 789,Grocery,2417.0
P0790,Smart Backpack 790,Beauty,4944.75
P0791,Everyday Coffee 791,Electronics,3524.61
P0792,Smart Notebook 792,Home & Kitchen,2710.71
P0793,Premium Notebook 793,Clothing,1274.95
P0794,Comfort Notebook 794,Grocery,3947.48
P0795,Comfort Coffee 795,Beauty,2664.46
P0796,Everyday Headphones 796,Electronics,4590.36
P0797,Classic Headphones 797,Home & Kitchen,4152.43
P0798,Comfort Bottle 798,Clothing,2884.87
P0799,Premium Bottle 799,Grocery,1674.18
P0800,Comfort Coffee 800,Beauty,625.39
P0801,Premium Backpack 801,Electronics,2936.58
P0802,Classic Lamp 802,Home & Kitchen,2255.14
P0803,Classic Coffee 803,Clothing,703.12
P0804,Smart Coffee 804,Grocery,2841.36
P0805,Comfort Coffee 805,Beauty,3380.2
P0806,Everyday Backpack 806,Electronics,157.76
P0807,Everyday Notebook 807,Home & Kitchen,64.93
P0808,Premium Lamp 808,Clothing,411.5
P0809,Smart T-Shirt 809,Grocery,3516.91
P0810,Comfort Headphones 810,Beauty,4676.18
P0811,Classic Coffee 811,Electronics,207.09
P0812,Smart Bottle 812,Home & Kitchen,3856.41
P0813,Smart T-Shirt 813,Clothing,4964.64
P0814,Smart Coffee 814,Grocery,4354.62
P0815,Smart Coffee 815,Beauty,447.24
P0816,Comfort Bottle 816,Electronics,3284.99
P0817,Everyday Headphones 817,Home & Kitchen,933.44
P0818,Comfort Coffee 818,Clothing,2667.77
P0819,Premium Notebook 819,Grocery,67.19
P0820,Classic T-Shirt 820,Beauty,2341.87
P0821,Comfort Coffee 821,Electronics,2683.07
P0822,Premium Bottle 822,Home & Kitchen,2330.1
P0823,Premium T-Shirt 823,Clothing,982.98
P0824,Classic Headphones 824,Grocery,4056.92
P0825,Smart Lamp 825,Beauty,3841.96
P0826,Classic Bottle 826,Electronics,1070.1
P0827,Classic Lamp 827,Home & Kitchen,216.2
P0828,Comfort Backpack 828,Clothing,3531.27
P0829,Classic Bottle 829,Grocery,3715.68
P0830,Smart Coffee 830,Beauty,1209.98
P0831,Premium Notebook 831,Electronics,4325.46
P0832,Classic Bottle 832,Home & Kitchen,2544.28
P0833,Everyday Bottle 833,Clothing,4088.14
P0834,Comfort T-Shirt 834,Grocery,2908.5
P0835,Everyday Bottle 835,Beauty,1543.73
P0836,Premium Backpack 836,Electronics,2630.19
P0837,Smart T-Shirt 837,Home & Kitchen,1412.01
P0838,Comfort Lamp 838,Clothing,4404.58
P0839,Premium Backpack 839,Grocery,3409.81
P0840,Comfort Coffee 840,Beauty,282.08
P0841,Everyday Backpack 841,Electronics,3373.15
P0842,Comfort T-Shirt 842,Home & Kitchen,3496.73
P0843,Smart Bottle 843,Clothing,1534.45
P0844,Premium Notebook 844,Grocery,2712.74
P0845,Premium Notebook 845,Beauty,1165.46
P0846,Premium Notebook 846,Electronics,2341.97
P0847,Classic Lamp 847,Home & Kitchen,2092.75
P0848,Smart Lamp 848,Clothing,2673.46
P0849,Smart Bottle 849,Grocery,1312.23
P0850,Everyday Backpack 850,Beauty,441.4
P0851,Smart Notebook 851,Electronics,1886.83
P0852,Comfort Backpack 852,Home & Kitchen,4155.56
P0853,Classic T-Shirt 853,Clothing,1916.98
P0854,Comfort Lamp 854,Grocery,245.76
P0855,Classic Bottle 855,Beauty,4033.02
P0856,Comfort Backpack 856,Electronics,3373.68
P0857,Premium Coffee 857,Home & Kitchen,1084.0
P0858,Everyday T-Shirt 858,Clothing,4787.25
P0859,Classic Bottle 859,Grocery,4688.94
P0860,Classic Backpack 860,Beauty,4997.88
P0861,Smart Bottle 861,Electronics,3493.35
P0862,Premium Coffee 862,Home & Kitchen,4579.88
P0863,Comfort T-Shirt 863,Clothing,3888.79
P0864,Smart Coffee 864,Grocery,2691.57
P0865,Everyday T-Shirt 865,Beauty,1344.73
P0866,Comfort Coffee 866,Electronics,2356.72
P0867,Smart Notebook 867,Home & Kitchen,4206.67
P0868,Premium T-Shirt 868,Clothing,1598.96
P0869,Classic Lamp 869,Grocery,4327.22
P0870,Premium Headphones 870,Beauty,1340.83
P0871,Comfort Lamp 871,Electronics,3614.06
P0872,Everyday Bottle 872,Home & Kitchen,1021.15
P0873,Premium Coffee 873,Clothing,2870.46
P0874,Premium Coffee 874,Grocery,2775.68
P0875,Everyday T-Shirt 875,Beauty,3828.64
P0876,Smart Backpack 876,Electronics,3226.39
P0877,Smart Coffee 877,Home & Kitchen,882.76
P0878,Everyday Bottle 878,Clothing,742.79
P0879,Comfort Coffee 879,Grocery,961.04
P0880,Comfort Backpack 880,Beauty,4788.32
P0881,Comfort Headphones 881,Electronics,4203.39
P0882,Classic Notebook 882,Home & Kitchen,3357.67
P0883,Classic Coffee 883,Clothing,730.58
P0884,Premium Headphones 884,Grocery,3550.49
P0885,Classic Bottle 885,Beauty,2553.38
P0886,Everyday Headphones 886,Electronics,3108.28
P0887,Comfort Coffee 887,Home & Kitchen,3313.46
P0888,Classic Headphones 888,Clothing,2684.45
P0889,Smart Headphones 889,Grocery,132.79
P0890,Everyday Lamp 890,Beauty,4888.52
P0891,Classic Lamp 891,Electronics,4075.13
P0892,Smart Notebook 892,Home & Kitchen,4701.57
P0893,Premium Headphones 893,Clothing,4594.34
P0894,Comfort Bottle 894,Grocery,1242.8
P0895,Comfort Lamp 895,Beauty,1299.47
P0896,Everyday T-Shirt 896,Electronics,3984.93
P0897,Classic T-Shirt 897,Home & Kitchen,4798.52
P0898,Smart Lamp 898,Clothing,1253.88
P0899,Premium T-Shirt 899,Grocery,3436.01
P0900,Classic Backpack 900,Beauty,4958.79
P0901,Classic Headphones 901,Electronics,2056.13
P0902,Smart Lamp 902,Home & Kitchen,2406.23
P0903,Classic Backpack 903,Clothing,898.35
P0904,Smart Notebook 904,Grocery,2197.85
P0905,Everyday Lamp 905,Beauty,4887.78
P0906,Classic Lamp 906,Electronics,4599.8
P0907,Premium Bottle 907,Home & Kitchen,4511.3
P0908,Comfort Coffee 908,Clothing,1391.92
P0909,Classic Backpack 909,Grocery,4631.64
P0910,Comfort Lamp 910,Beauty,3307.64
P0911,Premium Notebook 911,Electronics,1606.7
P0912,Premium Lamp 912,Home & Kitchen,763.75
P0913,Smart Headphones 913,Clothing,1531.42
P0914,Comfort Bottle 914,Grocery,2855.14
P0915,Smart Backpack 915,Beauty,4487.8
P0916,Everyday Coffee 916,Electronics,3790.27
P0917,Premium Notebook 917,Home & Kitchen,4942.97
P0918,Classic Lamp 918,Clothing,3740.01
P0919,Everyday Headphones 919,Grocery,533.54
P0920,Premium Notebook 920,Beauty,426.29
P0921,Comfort Notebook 921,Electronics,3088.63
P0922,Comfort Coffee 922,Home & Kitchen,4846.16
P0923,Everyday Headphones 923,Clothing,3188.91
P0924,Smart Coffee 924,Grocery,1179.29
P0925,Comfort Coffee 925,Beauty,2187.65
P0926,Comfort Backpack 926,Electronics,1931.36
P0927,Comfort T-Shirt 927,Home & Kitchen,4000.37
P0928,Classic Headphones 928,Clothing,1376.46
P0929,Smart Backpack 929,Grocery,3930.26
P0930,Premium Backpack 930,Beauty,1978.63
P0931,Everyday Headphones 931,Electronics,503.03
P0932,Everyday Coffee 932,Home & Kitchen,1831.59
P0933,Everyday Headphones 933,Clothing,705.91
P0934,Premium Coffee 934,Grocery,2271.78
P0935,Comfort Lamp 935,Beauty,2069.82
P0936,Classic Headphones 936,Electronics,1801.88
P0937,Classic Lamp 937,Home & Kitchen,3010.32
P0938,Everyday Notebook 938,Clothing,1956.93
P0939,Everyday Coffee 939,Grocery,1969.61
P0940,Classic Backpack 940,Beauty,4510.62
P0941,Premium Lamp 941,Electronics,2629.47
P0942,Smart Bottle 942,Home & Kitchen,737.26
P0943,Everyday T-Shirt 943,Clothing,2490.96
P0944,Classic Bottle 944,Grocery,2201.65
P0945,Smart T-Shirt 945,Beauty,2446.95
P0946,Classic T-Shirt 946,Electronics,1295.91
P0947,Premium Backpack 947,Home & Kitchen,3143.92
P0948,Comfort Lamp 948,Clothing,1017.96
P0949,Classic Bottle 949,Grocery,1558.06
P0950,Smart T-Shirt 950,Beauty,4215.99
P0951,Smart Notebook 951,Electronics,4317.88
P0952,Smart T-Shirt 952,Home & Kitchen,2181.55
P0953,Comfort Bottle 953,Clothing,1537.15
P0954,Comfort Backpack 954,Grocery,1044.21
P0955,Everyday Bottle 955,Beauty,4824.64
P0956,Everyday T-Shirt 956,Electronics,3687.63
P0957,Smart Lamp 957,Home & Kitchen,3920.77
P0958,Everyday Coffee 958,Clothing,1437.49
P0959,Smart T-Shirt 959,Grocery,613.74
P0960,Comfort Bottle 960,Beauty,2981.52
P0961,Comfort Bottle 961,Electronics,3424.48
P0962,Comfort Headphones 962,Home & Kitchen,4767.37
P0963,Smart Backpack 963,Clothing,1087.76
P0964,Everyday Notebook 964,Grocery,3479.53
P0965,Smart Backpack 965,Beauty,2521.55
P0966,Everyday Bottle 966,Electronics,1300.77
P0967,Premium Backpack 967,Home & Kitchen,2144.48
P0968,Smart Headphones 968,Clothing,2272.88
P0969,Comfort Coffee 969,Grocery,2932.11
P0970,Comfort Lamp 970,Beauty,4621.3
P0971,Smart Lamp 971,Electronics,231.99
P0972,Everyday Backpack 972,Home & Kitchen,4482.73
P0973,Comfort Lamp 973,Clothing,3208.99
P0974,Classic Headphones 974,Grocery,3856.32
P0975,Everyday Bottle 975,Beauty,3252.65
P0976,Classic Lamp 976,Electronics,4918.86
P0977,Smart Notebook 977,Home & Kitchen,1691.4
P0978,Smart Headphones 978,Clothing,102.21
P0979,Everyday Bottle 979,Grocery,2577.85
P0980,Comfort Lamp 980,Beauty,2923.57
P0981,Comfort Bottle 981,Electronics,2256.6
P0982,Smart Coffee 982,Home & Kitchen,3873.09
P0983,Comfort Backpack 983,Clothing,2527.31
P0984,Everyday Headphones 984,Grocery,2439.72
P0985,Everyday Coffee 985,Beauty,4606.71
P0986,Classic Headphones 986,Electronics,4165.02
P0987,Premium T-Shirt 987,Home & Kitchen,1593.86
P0988,Smart Notebook 988,Clothing,1073.99
P0989,Smart T-Shirt 989,Grocery,2407.0
P0990,Smart Backpack 990,Beauty,3498.98
P0991,Everyday Headphones 991,Electronics,1536.31
P0992,Classic Headphones 992,Home & Kitchen,4253.44
P0993,Classic Backpack 993,Clothing,4010.25
P0994,Premium Lamp 994,Grocery,913.54
P0995,Premium T-Shirt 995,Beauty,2821.25
P0996,Smart Bottle 996,Electronics,3998.89
P0997,Premium Bottle 997,Home & Kitchen,3220.37
P0998,Smart Coffee 998,Clothing,194.5
P0999,Comfort Bottle 999,Grocery,2275.4
P1000,Smart Coffee 1000,Beauty,72.03
